domain_1,domain_2,year,cosine_similarity
astro-ph,cond-mat,2019,0.316358
astro-ph,cond-mat,2020,0.332041
astro-ph,cond-mat,2021,0.333944
astro-ph,cond-mat,2022,0.339138
astro-ph,cond-mat,2023,0.34002
astro-ph,cond-mat,2024,0.346694
astro-ph,cond-mat,2025,0.353271
astro-ph,cond-mat,2026,0.370962
astro-ph,cs,2019,0.171281
astro-ph,cs,2020,0.175997
astro-ph,cs,2021,0.192211
astro-ph,cs,2022,0.201114
astro-ph,cs,2023,0.209443
astro-ph,cs,2024,0.217689
astro-ph,cs,2025,0.245874
astro-ph,cs,2026,0.257993
astro-ph,econ,2019,0.094519
astro-ph,econ,2020,0.107388
astro-ph,econ,2021,0.101042
astro-ph,econ,2022,0.115424
astro-ph,econ,2023,0.107726
astro-ph,econ,2024,0.120875
astro-ph,econ,2025,0.141148
astro-ph,econ,2026,0.155501
astro-ph,eess,2019,0.186085
astro-ph,eess,2020,0.177931
astro-ph,eess,2021,0.190556
astro-ph,eess,2022,0.198064
astro-ph,eess,2023,0.206251
astro-ph,eess,2024,0.216723
astro-ph,eess,2025,0.239733
astro-ph,eess,2026,0.258773
astro-ph,gr-qc,2019,0.607158
astro-ph,gr-qc,2020,0.614227
astro-ph,gr-qc,2021,0.634448
astro-ph,gr-qc,2022,0.638753
astro-ph,gr-qc,2023,0.644073
astro-ph,gr-qc,2024,0.656587
astro-ph,gr-qc,2025,0.680858
astro-ph,gr-qc,2026,0.687169
astro-ph,hep-ex,2019,0.600818
astro-ph,hep-ex,2020,0.593063
astro-ph,hep-ex,2021,0.615486
astro-ph,hep-ex,2022,0.62012
astro-ph,hep-ex,2023,0.621677
astro-ph,hep-ex,2024,0.621301
astro-ph,hep-ex,2025,0.640577
astro-ph,hep-ex,2026,0.625867
astro-ph,hep-lat,2019,0.417051
astro-ph,hep-lat,2020,0.411479
astro-ph,hep-lat,2021,0.417771
astro-ph,hep-lat,2022,0.412067
astro-ph,hep-lat,2023,0.422562
astro-ph,hep-lat,2024,0.422026
astro-ph,hep-lat,2025,0.437388
astro-ph,hep-lat,2026,0.425147
astro-ph,hep-ph,2019,0.60881
astro-ph,hep-ph,2020,0.606124
astro-ph,hep-ph,2021,0.622379
astro-ph,hep-ph,2022,0.61861
astro-ph,hep-ph,2023,0.629288
astro-ph,hep-ph,2024,0.634747
astro-ph,hep-ph,2025,0.662205
astro-ph,hep-ph,2026,0.658409
astro-ph,hep-th,2019,0.419658
astro-ph,hep-th,2020,0.428388
astro-ph,hep-th,2021,0.441776
astro-ph,hep-th,2022,0.437231
astro-ph,hep-th,2023,0.437135
astro-ph,hep-th,2024,0.447461
astro-ph,hep-th,2025,0.458854
astro-ph,hep-th,2026,0.456192
astro-ph,math,2019,0.169681
astro-ph,math,2020,0.188174
astro-ph,math,2021,0.193341
astro-ph,math,2022,0.195082
astro-ph,math,2023,0.198336
astro-ph,math,2024,0.199556
astro-ph,math,2025,0.21436
astro-ph,math,2026,0.225861
astro-ph,math-ph,2019,0.209134
astro-ph,math-ph,2020,0.225734
astro-ph,math-ph,2021,0.2417
astro-ph,math-ph,2022,0.240187
astro-ph,math-ph,2023,0.241933
astro-ph,math-ph,2024,0.245396
astro-ph,math-ph,2025,0.266615
astro-ph,math-ph,2026,0.27965
astro-ph,nlin,2019,0.217496
astro-ph,nlin,2020,0.247574
astro-ph,nlin,2021,0.239381
astro-ph,nlin,2022,0.233128
astro-ph,nlin,2023,0.22788
astro-ph,nlin,2024,0.222567
astro-ph,nlin,2025,0.270435
astro-ph,nlin,2026,0.277624
astro-ph,nucl-ex,2019,0.621035
astro-ph,nucl-ex,2020,0.623612
astro-ph,nucl-ex,2021,0.627894
astro-ph,nucl-ex,2022,0.625312
astro-ph,nucl-ex,2023,0.632165
astro-ph,nucl-ex,2024,0.627571
astro-ph,nucl-ex,2025,0.6392
astro-ph,nucl-ex,2026,0.623914
astro-ph,nucl-th,2019,0.585401
astro-ph,nucl-th,2020,0.588805
astro-ph,nucl-th,2021,0.607478
astro-ph,nucl-th,2022,0.605461
astro-ph,nucl-th,2023,0.610122
astro-ph,nucl-th,2024,0.608113
astro-ph,nucl-th,2025,0.621842
astro-ph,nucl-th,2026,0.61771
astro-ph,physics,2019,0.586611
astro-ph,physics,2020,0.581827
astro-ph,physics,2021,0.578568
astro-ph,physics,2022,0.594925
astro-ph,physics,2023,0.57875
astro-ph,physics,2024,0.574966
astro-ph,physics,2025,0.585137
astro-ph,physics,2026,0.591533
astro-ph,q-bio,2019,0.189461
astro-ph,q-bio,2020,0.220122
astro-ph,q-bio,2021,0.229537
astro-ph,q-bio,2022,0.22973
astro-ph,q-bio,2023,0.243684
astro-ph,q-bio,2024,0.243235
astro-ph,q-bio,2025,0.274911
astro-ph,q-bio,2026,0.286103
astro-ph,q-fin,2019,0.10643
astro-ph,q-fin,2020,0.123837
astro-ph,q-fin,2021,0.134299
astro-ph,q-fin,2022,0.144024
astro-ph,q-fin,2023,0.143061
astro-ph,q-fin,2024,0.149309
astro-ph,q-fin,2025,0.18579
astro-ph,q-fin,2026,0.202951
astro-ph,quant-ph,2019,0.244255
astro-ph,quant-ph,2020,0.237772
astro-ph,quant-ph,2021,0.248562
astro-ph,quant-ph,2022,0.247034
astro-ph,quant-ph,2023,0.246284
astro-ph,quant-ph,2024,0.24838
astro-ph,quant-ph,2025,0.26672
astro-ph,quant-ph,2026,0.286921
astro-ph,stat,2019,0.21769
astro-ph,stat,2020,0.227869
astro-ph,stat,2021,0.239887
astro-ph,stat,2022,0.241547
astro-ph,stat,2023,0.244434
astro-ph,stat,2024,0.246401
astro-ph,stat,2025,0.278099
astro-ph,stat,2026,0.292511
cond-mat,cs,2019,0.068874
cond-mat,cs,2020,0.078652
cond-mat,cs,2021,0.091063
cond-mat,cs,2022,0.108189
cond-mat,cs,2023,0.117933
cond-mat,cs,2024,0.131438
cond-mat,cs,2025,0.172469
cond-mat,cs,2026,0.212811
cond-mat,econ,2019,0.002903
cond-mat,econ,2020,0.007596
cond-mat,econ,2021,0.005452
cond-mat,econ,2022,0.032096
cond-mat,econ,2023,0.022403
cond-mat,econ,2024,0.027725
cond-mat,econ,2025,0.059903
cond-mat,econ,2026,0.086634
cond-mat,eess,2019,0.008136
cond-mat,eess,2020,0.015232
cond-mat,eess,2021,0.029686
cond-mat,eess,2022,0.04818
cond-mat,eess,2023,0.062587
cond-mat,eess,2024,0.082971
cond-mat,eess,2025,0.121228
cond-mat,eess,2026,0.153428
cond-mat,gr-qc,2019,0.306994
cond-mat,gr-qc,2020,0.309845
cond-mat,gr-qc,2021,0.306159
cond-mat,gr-qc,2022,0.315469
cond-mat,gr-qc,2023,0.306977
cond-mat,gr-qc,2024,0.30862
cond-mat,gr-qc,2025,0.329547
cond-mat,gr-qc,2026,0.352127
cond-mat,hep-ex,2019,0.355098
cond-mat,hep-ex,2020,0.339617
cond-mat,hep-ex,2021,0.339328
cond-mat,hep-ex,2022,0.359615
cond-mat,hep-ex,2023,0.342562
cond-mat,hep-ex,2024,0.345521
cond-mat,hep-ex,2025,0.349062
cond-mat,hep-ex,2026,0.373231
cond-mat,hep-lat,2019,0.590278
cond-mat,hep-lat,2020,0.614742
cond-mat,hep-lat,2021,0.61828
cond-mat,hep-lat,2022,0.627549
cond-mat,hep-lat,2023,0.611863
cond-mat,hep-lat,2024,0.631997
cond-mat,hep-lat,2025,0.63978
cond-mat,hep-lat,2026,0.659913
cond-mat,hep-ph,2019,0.469258
cond-mat,hep-ph,2020,0.475455
cond-mat,hep-ph,2021,0.48085
cond-mat,hep-ph,2022,0.484352
cond-mat,hep-ph,2023,0.488147
cond-mat,hep-ph,2024,0.498115
cond-mat,hep-ph,2025,0.512364
cond-mat,hep-ph,2026,0.523878
cond-mat,hep-th,2019,0.491063
cond-mat,hep-th,2020,0.492986
cond-mat,hep-th,2021,0.485434
cond-mat,hep-th,2022,0.493238
cond-mat,hep-th,2023,0.483208
cond-mat,hep-th,2024,0.488486
cond-mat,hep-th,2025,0.495843
cond-mat,hep-th,2026,0.517582
cond-mat,math,2019,0.226577
cond-mat,math,2020,0.241468
cond-mat,math,2021,0.237107
cond-mat,math,2022,0.250493
cond-mat,math,2023,0.240264
cond-mat,math,2024,0.243763
cond-mat,math,2025,0.246556
cond-mat,math,2026,0.268942
cond-mat,math-ph,2019,0.493925
cond-mat,math-ph,2020,0.508067
cond-mat,math-ph,2021,0.518063
cond-mat,math-ph,2022,0.545673
cond-mat,math-ph,2023,0.512102
cond-mat,math-ph,2024,0.513697
cond-mat,math-ph,2025,0.532944
cond-mat,math-ph,2026,0.553244
cond-mat,nlin,2019,0.498323
cond-mat,nlin,2020,0.5095
cond-mat,nlin,2021,0.505499
cond-mat,nlin,2022,0.508228
cond-mat,nlin,2023,0.477246
cond-mat,nlin,2024,0.469594
cond-mat,nlin,2025,0.49899
cond-mat,nlin,2026,0.534981
cond-mat,nucl-ex,2019,0.414279
cond-mat,nucl-ex,2020,0.467849
cond-mat,nucl-ex,2021,0.448661
cond-mat,nucl-ex,2022,0.445416
cond-mat,nucl-ex,2023,0.436279
cond-mat,nucl-ex,2024,0.439065
cond-mat,nucl-ex,2025,0.445607
cond-mat,nucl-ex,2026,0.436332
cond-mat,nucl-th,2019,0.597996
cond-mat,nucl-th,2020,0.608984
cond-mat,nucl-th,2021,0.600997
cond-mat,nucl-th,2022,0.605014
cond-mat,nucl-th,2023,0.593092
cond-mat,nucl-th,2024,0.597586
cond-mat,nucl-th,2025,0.602408
cond-mat,nucl-th,2026,0.622833
cond-mat,physics,2019,0.733159
cond-mat,physics,2020,0.735869
cond-mat,physics,2021,0.726217
cond-mat,physics,2022,0.718836
cond-mat,physics,2023,0.725644
cond-mat,physics,2024,0.735358
cond-mat,physics,2025,0.723033
cond-mat,physics,2026,0.73736
cond-mat,q-bio,2019,0.254392
cond-mat,q-bio,2020,0.185568
cond-mat,q-bio,2021,0.239885
cond-mat,q-bio,2022,0.272183
cond-mat,q-bio,2023,0.277895
cond-mat,q-bio,2024,0.290349
cond-mat,q-bio,2025,0.317618
cond-mat,q-bio,2026,0.354311
cond-mat,q-fin,2019,0.123805
cond-mat,q-fin,2020,0.12159
cond-mat,q-fin,2021,0.124805
cond-mat,q-fin,2022,0.135115
cond-mat,q-fin,2023,0.137369
cond-mat,q-fin,2024,0.141509
cond-mat,q-fin,2025,0.172164
cond-mat,q-fin,2026,0.19835
cond-mat,quant-ph,2019,0.604641
cond-mat,quant-ph,2020,0.600926
cond-mat,quant-ph,2021,0.597336
cond-mat,quant-ph,2022,0.596884
cond-mat,quant-ph,2023,0.586184
cond-mat,quant-ph,2024,0.59292
cond-mat,quant-ph,2025,0.610413
cond-mat,quant-ph,2026,0.638013
cond-mat,stat,2019,0.060739
cond-mat,stat,2020,0.05899
cond-mat,stat,2021,0.073606
cond-mat,stat,2022,0.084295
cond-mat,stat,2023,0.090642
cond-mat,stat,2024,0.107127
cond-mat,stat,2025,0.137505
cond-mat,stat,2026,0.183294
cs,econ,2019,0.351536
cs,econ,2020,0.348639
cs,econ,2021,0.338788
cs,econ,2022,0.354509
cs,econ,2023,0.352337
cs,econ,2024,0.374795
cs,econ,2025,0.40025
cs,econ,2026,0.463526
cs,eess,2019,0.740935
cs,eess,2020,0.792259
cs,eess,2021,0.798442
cs,eess,2022,0.809589
cs,eess,2023,0.799466
cs,eess,2024,0.786678
cs,eess,2025,0.760904
cs,eess,2026,0.73533
cs,gr-qc,2019,0.127178
cs,gr-qc,2020,0.125726
cs,gr-qc,2021,0.137695
cs,gr-qc,2022,0.146739
cs,gr-qc,2023,0.154374
cs,gr-qc,2024,0.158131
cs,gr-qc,2025,0.180348
cs,gr-qc,2026,0.198814
cs,hep-ex,2019,0.099735
cs,hep-ex,2020,0.148685
cs,hep-ex,2021,0.165045
cs,hep-ex,2022,0.191477
cs,hep-ex,2023,0.212234
cs,hep-ex,2024,0.21029
cs,hep-ex,2025,0.231518
cs,hep-ex,2026,0.247361
cs,hep-lat,2019,0.133323
cs,hep-lat,2020,0.155085
cs,hep-lat,2021,0.154576
cs,hep-lat,2022,0.169591
cs,hep-lat,2023,0.186558
cs,hep-lat,2024,0.180999
cs,hep-lat,2025,0.203764
cs,hep-lat,2026,0.224855
cs,hep-ph,2019,0.16951
cs,hep-ph,2020,0.180744
cs,hep-ph,2021,0.184151
cs,hep-ph,2022,0.194044
cs,hep-ph,2023,0.201069
cs,hep-ph,2024,0.204936
cs,hep-ph,2025,0.231551
cs,hep-ph,2026,0.251257
cs,hep-th,2019,0.129665
cs,hep-th,2020,0.13164
cs,hep-th,2021,0.137213
cs,hep-th,2022,0.145715
cs,hep-th,2023,0.149438
cs,hep-th,2024,0.150295
cs,hep-th,2025,0.166502
cs,hep-th,2026,0.183953
cs,math,2019,0.269021
cs,math,2020,0.268167
cs,math,2021,0.261848
cs,math,2022,0.258862
cs,math,2023,0.257842
cs,math,2024,0.233252
cs,math,2025,0.234852
cs,math,2026,0.254711
cs,math-ph,2019,0.121049
cs,math-ph,2020,0.111438
cs,math-ph,2021,0.105297
cs,math-ph,2022,0.104076
cs,math-ph,2023,0.105572
cs,math-ph,2024,0.085363
cs,math-ph,2025,0.114359
cs,math-ph,2026,0.148358
cs,nlin,2019,0.06783
cs,nlin,2020,0.072066
cs,nlin,2021,0.042484
cs,nlin,2022,0.067339
cs,nlin,2023,0.061326
cs,nlin,2024,0.085847
cs,nlin,2025,0.12513
cs,nlin,2026,0.176669
cs,nucl-ex,2019,0.046281
cs,nucl-ex,2020,0.027985
cs,nucl-ex,2021,0.039092
cs,nucl-ex,2022,0.044978
cs,nucl-ex,2023,0.044599
cs,nucl-ex,2024,0.050235
cs,nucl-ex,2025,0.086828
cs,nucl-ex,2026,0.094932
cs,nucl-th,2019,0.050313
cs,nucl-th,2020,0.04869
cs,nucl-th,2021,0.055628
cs,nucl-th,2022,0.064898
cs,nucl-th,2023,0.071847
cs,nucl-th,2024,0.08271
cs,nucl-th,2025,0.111443
cs,nucl-th,2026,0.136283
cs,physics,2019,0.173018
cs,physics,2020,0.209156
cs,physics,2021,0.223388
cs,physics,2022,0.236703
cs,physics,2023,0.258755
cs,physics,2024,0.290679
cs,physics,2025,0.364751
cs,physics,2026,0.394375
cs,q-bio,2019,0.512168
cs,q-bio,2020,0.488065
cs,q-bio,2021,0.529151
cs,q-bio,2022,0.576676
cs,q-bio,2023,0.60611
cs,q-bio,2024,0.628298
cs,q-bio,2025,0.675541
cs,q-bio,2026,0.692576
cs,q-fin,2019,0.336084
cs,q-fin,2020,0.358957
cs,q-fin,2021,0.367021
cs,q-fin,2022,0.390016
cs,q-fin,2023,0.39716
cs,q-fin,2024,0.414049
cs,q-fin,2025,0.455021
cs,q-fin,2026,0.497166
cs,quant-ph,2019,0.227172
cs,quant-ph,2020,0.223305
cs,quant-ph,2021,0.237926
cs,quant-ph,2022,0.246342
cs,quant-ph,2023,0.254091
cs,quant-ph,2024,0.256475
cs,quant-ph,2025,0.291297
cs,quant-ph,2026,0.326658
cs,stat,2019,0.724684
cs,stat,2020,0.703746
cs,stat,2021,0.695305
cs,stat,2022,0.689138
cs,stat,2023,0.69371
cs,stat,2024,0.679495
cs,stat,2025,0.685986
cs,stat,2026,0.711861
econ,eess,2019,0.224022
econ,eess,2020,0.21926
econ,eess,2021,0.210461
econ,eess,2022,0.227272
econ,eess,2023,0.230366
econ,eess,2024,0.257323
econ,eess,2025,0.30174
econ,eess,2026,0.346557
econ,gr-qc,2019,0.169209
econ,gr-qc,2020,0.151055
econ,gr-qc,2021,0.138126
econ,gr-qc,2022,0.161553
econ,gr-qc,2023,0.147171
econ,gr-qc,2024,0.158484
econ,gr-qc,2025,0.169198
econ,gr-qc,2026,0.179836
econ,hep-ex,2019,0.009161
econ,hep-ex,2020,0.048038
econ,hep-ex,2021,0.035829
econ,hep-ex,2022,0.051609
econ,hep-ex,2023,0.054272
econ,hep-ex,2024,0.070932
econ,hep-ex,2025,0.082432
econ,hep-ex,2026,0.104734
econ,hep-lat,2019,0.067618
econ,hep-lat,2020,0.075607
econ,hep-lat,2021,0.062253
econ,hep-lat,2022,0.08537
econ,hep-lat,2023,0.091103
econ,hep-lat,2024,0.09219
econ,hep-lat,2025,0.111277
econ,hep-lat,2026,0.130131
econ,hep-ph,2019,0.118013
econ,hep-ph,2020,0.115134
econ,hep-ph,2021,0.104263
econ,hep-ph,2022,0.129197
econ,hep-ph,2023,0.125089
econ,hep-ph,2024,0.129129
econ,hep-ph,2025,0.150001
econ,hep-ph,2026,0.172088
econ,hep-th,2019,0.095955
econ,hep-th,2020,0.082576
econ,hep-th,2021,0.075484
econ,hep-th,2022,0.094741
econ,hep-th,2023,0.085593
econ,hep-th,2024,0.093247
econ,hep-th,2025,0.106335
econ,hep-th,2026,0.120791
econ,math,2019,0.290818
econ,math,2020,0.281954
econ,math,2021,0.270537
econ,math,2022,0.285451
econ,math,2023,0.281679
econ,math,2024,0.273196
econ,math,2025,0.287758
econ,math,2026,0.309135
econ,math-ph,2019,0.150117
econ,math-ph,2020,0.127448
econ,math-ph,2021,0.11975
econ,math-ph,2022,0.133631
econ,math-ph,2023,0.124291
econ,math-ph,2024,0.110765
econ,math-ph,2025,0.129028
econ,math-ph,2026,0.150896
econ,nlin,2019,0.128617
econ,nlin,2020,0.109456
econ,nlin,2021,0.086804
econ,nlin,2022,0.11823
econ,nlin,2023,0.104005
econ,nlin,2024,0.116167
econ,nlin,2025,0.145603
econ,nlin,2026,0.175155
econ,nucl-ex,2019,-0.042867
econ,nucl-ex,2020,-0.020203
econ,nucl-ex,2021,-0.024725
econ,nucl-ex,2022,-0.003224
econ,nucl-ex,2023,-0.01125
econ,nucl-ex,2024,-0.012661
econ,nucl-ex,2025,0.02005
econ,nucl-ex,2026,0.038207
econ,nucl-th,2019,0.034465
econ,nucl-th,2020,0.018827
econ,nucl-th,2021,0.023931
econ,nucl-th,2022,0.039784
econ,nucl-th,2023,0.041039
econ,nucl-th,2024,0.043115
econ,nucl-th,2025,0.067504
econ,nucl-th,2026,0.085757
econ,physics,2019,0.04305
econ,physics,2020,0.063819
econ,physics,2021,0.050934
econ,physics,2022,0.062709
econ,physics,2023,0.061124
econ,physics,2024,0.081889
econ,physics,2025,0.129597
econ,physics,2026,0.172142
econ,q-bio,2019,0.350876
econ,q-bio,2020,0.416516
econ,q-bio,2021,0.372343
econ,q-bio,2022,0.372555
econ,q-bio,2023,0.33028
econ,q-bio,2024,0.328614
econ,q-bio,2025,0.366974
econ,q-bio,2026,0.420873
econ,q-fin,2019,0.730287
econ,q-fin,2020,0.726625
econ,q-fin,2021,0.686333
econ,q-fin,2022,0.701742
econ,q-fin,2023,0.689642
econ,q-fin,2024,0.711894
econ,q-fin,2025,0.717691
econ,q-fin,2026,0.756749
econ,quant-ph,2019,0.126183
econ,quant-ph,2020,0.128754
econ,quant-ph,2021,0.114991
econ,quant-ph,2022,0.137851
econ,quant-ph,2023,0.135152
econ,quant-ph,2024,0.140186
econ,quant-ph,2025,0.169226
econ,quant-ph,2026,0.20246
econ,stat,2019,0.655833
econ,stat,2020,0.653232
econ,stat,2021,0.633401
econ,stat,2022,0.654407
econ,stat,2023,0.648568
econ,stat,2024,0.670364
econ,stat,2025,0.67915
econ,stat,2026,0.718915
eess,gr-qc,2019,0.088163
eess,gr-qc,2020,0.095032
eess,gr-qc,2021,0.111729
eess,gr-qc,2022,0.120725
eess,gr-qc,2023,0.13074
eess,gr-qc,2024,0.136626
eess,gr-qc,2025,0.168392
eess,gr-qc,2026,0.18768
eess,hep-ex,2019,0.086958
eess,hep-ex,2020,0.132669
eess,hep-ex,2021,0.149358
eess,hep-ex,2022,0.169576
eess,hep-ex,2023,0.196544
eess,hep-ex,2024,0.199566
eess,hep-ex,2025,0.211337
eess,hep-ex,2026,0.228305
eess,hep-lat,2019,0.078451
eess,hep-lat,2020,0.110878
eess,hep-lat,2021,0.112605
eess,hep-lat,2022,0.128726
eess,hep-lat,2023,0.149928
eess,hep-lat,2024,0.152479
eess,hep-lat,2025,0.178738
eess,hep-lat,2026,0.193948
eess,hep-ph,2019,0.113479
eess,hep-ph,2020,0.130569
eess,hep-ph,2021,0.134375
eess,hep-ph,2022,0.144653
eess,hep-ph,2023,0.151611
eess,hep-ph,2024,0.158562
eess,hep-ph,2025,0.18249
eess,hep-ph,2026,0.198231
eess,hep-th,2019,0.050608
eess,hep-th,2020,0.060584
eess,hep-th,2021,0.070472
eess,hep-th,2022,0.079761
eess,hep-th,2023,0.080817
eess,hep-th,2024,0.087517
eess,hep-th,2025,0.110919
eess,hep-th,2026,0.129277
eess,math,2019,0.171007
eess,math,2020,0.201211
eess,math,2021,0.212658
eess,math,2022,0.209048
eess,math,2023,0.215249
eess,math,2024,0.208008
eess,math,2025,0.230579
eess,math,2026,0.228911
eess,math-ph,2019,0.094491
eess,math-ph,2020,0.090832
eess,math-ph,2021,0.091311
eess,math-ph,2022,0.090866
eess,math-ph,2023,0.094854
eess,math-ph,2024,0.09014
eess,math-ph,2025,0.130097
eess,math-ph,2026,0.152744
eess,nlin,2019,0.118178
eess,nlin,2020,0.135685
eess,nlin,2021,0.120133
eess,nlin,2022,0.128199
eess,nlin,2023,0.138623
eess,nlin,2024,0.165987
eess,nlin,2025,0.225648
eess,nlin,2026,0.255611
eess,nucl-ex,2019,0.033763
eess,nucl-ex,2020,0.020428
eess,nucl-ex,2021,0.02653
eess,nucl-ex,2022,0.03147
eess,nucl-ex,2023,0.037136
eess,nucl-ex,2024,0.041972
eess,nucl-ex,2025,0.067973
eess,nucl-ex,2026,0.07361
eess,nucl-th,2019,0.041174
eess,nucl-th,2020,0.03595
eess,nucl-th,2021,0.042315
eess,nucl-th,2022,0.058179
eess,nucl-th,2023,0.066184
eess,nucl-th,2024,0.080017
eess,nucl-th,2025,0.104725
eess,nucl-th,2026,0.130752
eess,physics,2019,0.26028
eess,physics,2020,0.269885
eess,physics,2021,0.286856
eess,physics,2022,0.304027
eess,physics,2023,0.332481
eess,physics,2024,0.367213
eess,physics,2025,0.439627
eess,physics,2026,0.467944
eess,q-bio,2019,0.452061
eess,q-bio,2020,0.453173
eess,q-bio,2021,0.503464
eess,q-bio,2022,0.544364
eess,q-bio,2023,0.579747
eess,q-bio,2024,0.59544
eess,q-bio,2025,0.62396
eess,q-bio,2026,0.599996
eess,q-fin,2019,0.256468
eess,q-fin,2020,0.297718
eess,q-fin,2021,0.312939
eess,q-fin,2022,0.324318
eess,q-fin,2023,0.33852
eess,q-fin,2024,0.349151
eess,q-fin,2025,0.402855
eess,q-fin,2026,0.425477
eess,quant-ph,2019,0.242832
eess,quant-ph,2020,0.234305
eess,quant-ph,2021,0.248268
eess,quant-ph,2022,0.255271
eess,quant-ph,2023,0.27566
eess,quant-ph,2024,0.293542
eess,quant-ph,2025,0.346264
eess,quant-ph,2026,0.377737
eess,stat,2019,0.644749
eess,stat,2020,0.643324
eess,stat,2021,0.642436
eess,stat,2022,0.648646
eess,stat,2023,0.661804
eess,stat,2024,0.652074
eess,stat,2025,0.665843
eess,stat,2026,0.662246
gr-qc,hep-ex,2019,0.389827
gr-qc,hep-ex,2020,0.382575
gr-qc,hep-ex,2021,0.400476
gr-qc,hep-ex,2022,0.405974
gr-qc,hep-ex,2023,0.411735
gr-qc,hep-ex,2024,0.413129
gr-qc,hep-ex,2025,0.431643
gr-qc,hep-ex,2026,0.429575
gr-qc,hep-lat,2019,0.461345
gr-qc,hep-lat,2020,0.465622
gr-qc,hep-lat,2021,0.468371
gr-qc,hep-lat,2022,0.470468
gr-qc,hep-lat,2023,0.481466
gr-qc,hep-lat,2024,0.46547
gr-qc,hep-lat,2025,0.478252
gr-qc,hep-lat,2026,0.489711
gr-qc,hep-ph,2019,0.594822
gr-qc,hep-ph,2020,0.594362
gr-qc,hep-ph,2021,0.597456
gr-qc,hep-ph,2022,0.602261
gr-qc,hep-ph,2023,0.61042
gr-qc,hep-ph,2024,0.616489
gr-qc,hep-ph,2025,0.638611
gr-qc,hep-ph,2026,0.637028
gr-qc,hep-th,2019,0.808569
gr-qc,hep-th,2020,0.804047
gr-qc,hep-th,2021,0.802218
gr-qc,hep-th,2022,0.80002
gr-qc,hep-th,2023,0.794712
gr-qc,hep-th,2024,0.787887
gr-qc,hep-th,2025,0.782284
gr-qc,hep-th,2026,0.7861
gr-qc,math,2019,0.454519
gr-qc,math,2020,0.446954
gr-qc,math,2021,0.442101
gr-qc,math,2022,0.439134
gr-qc,math,2023,0.433299
gr-qc,math,2024,0.427873
gr-qc,math,2025,0.421053
gr-qc,math,2026,0.43574
gr-qc,math-ph,2019,0.582965
gr-qc,math-ph,2020,0.572146
gr-qc,math-ph,2021,0.569668
gr-qc,math-ph,2022,0.550896
gr-qc,math-ph,2023,0.560593
gr-qc,math-ph,2024,0.554089
gr-qc,math-ph,2025,0.549729
gr-qc,math-ph,2026,0.563645
gr-qc,nlin,2019,0.444446
gr-qc,nlin,2020,0.422021
gr-qc,nlin,2021,0.430117
gr-qc,nlin,2022,0.43126
gr-qc,nlin,2023,0.41964
gr-qc,nlin,2024,0.410952
gr-qc,nlin,2025,0.434674
gr-qc,nlin,2026,0.421246
gr-qc,nucl-ex,2019,0.36248
gr-qc,nucl-ex,2020,0.355663
gr-qc,nucl-ex,2021,0.366918
gr-qc,nucl-ex,2022,0.371903
gr-qc,nucl-ex,2023,0.369292
gr-qc,nucl-ex,2024,0.367237
gr-qc,nucl-ex,2025,0.391402
gr-qc,nucl-ex,2026,0.393917
gr-qc,nucl-th,2019,0.502294
gr-qc,nucl-th,2020,0.481664
gr-qc,nucl-th,2021,0.5022
gr-qc,nucl-th,2022,0.505476
gr-qc,nucl-th,2023,0.505795
gr-qc,nucl-th,2024,0.496596
gr-qc,nucl-th,2025,0.517436
gr-qc,nucl-th,2026,0.527271
gr-qc,physics,2019,0.418038
gr-qc,physics,2020,0.396823
gr-qc,physics,2021,0.410599
gr-qc,physics,2022,0.415131
gr-qc,physics,2023,0.408774
gr-qc,physics,2024,0.406919
gr-qc,physics,2025,0.427703
gr-qc,physics,2026,0.453582
gr-qc,q-bio,2019,0.141579
gr-qc,q-bio,2020,0.136381
gr-qc,q-bio,2021,0.146248
gr-qc,q-bio,2022,0.156255
gr-qc,q-bio,2023,0.163473
gr-qc,q-bio,2024,0.158966
gr-qc,q-bio,2025,0.187457
gr-qc,q-bio,2026,0.206662
gr-qc,q-fin,2019,0.215729
gr-qc,q-fin,2020,0.214134
gr-qc,q-fin,2021,0.221808
gr-qc,q-fin,2022,0.21432
gr-qc,q-fin,2023,0.208835
gr-qc,q-fin,2024,0.210756
gr-qc,q-fin,2025,0.235543
gr-qc,q-fin,2026,0.251837
gr-qc,quant-ph,2019,0.357635
gr-qc,quant-ph,2020,0.33491
gr-qc,quant-ph,2021,0.342767
gr-qc,quant-ph,2022,0.339136
gr-qc,quant-ph,2023,0.334489
gr-qc,quant-ph,2024,0.323267
gr-qc,quant-ph,2025,0.340967
gr-qc,quant-ph,2026,0.367935
gr-qc,stat,2019,0.19404
gr-qc,stat,2020,0.183343
gr-qc,stat,2021,0.200189
gr-qc,stat,2022,0.206636
gr-qc,stat,2023,0.211523
gr-qc,stat,2024,0.215492
gr-qc,stat,2025,0.242165
gr-qc,stat,2026,0.258839
hep-ex,hep-lat,2019,0.696845
hep-ex,hep-lat,2020,0.652571
hep-ex,hep-lat,2021,0.656819
hep-ex,hep-lat,2022,0.645048
hep-ex,hep-lat,2023,0.643581
hep-ex,hep-lat,2024,0.642937
hep-ex,hep-lat,2025,0.625751
hep-ex,hep-lat,2026,0.621471
hep-ex,hep-ph,2019,0.894618
hep-ex,hep-ph,2020,0.895185
hep-ex,hep-ph,2021,0.893095
hep-ex,hep-ph,2022,0.891147
hep-ex,hep-ph,2023,0.880659
hep-ex,hep-ph,2024,0.882778
hep-ex,hep-ph,2025,0.876931
hep-ex,hep-ph,2026,0.883393
hep-ex,hep-th,2019,0.428425
hep-ex,hep-th,2020,0.415258
hep-ex,hep-th,2021,0.422378
hep-ex,hep-th,2022,0.411207
hep-ex,hep-th,2023,0.414976
hep-ex,hep-th,2024,0.418175
hep-ex,hep-th,2025,0.403737
hep-ex,hep-th,2026,0.407366
hep-ex,math,2019,0.140712
hep-ex,math,2020,0.14801
hep-ex,math,2021,0.147841
hep-ex,math,2022,0.121471
hep-ex,math,2023,0.138404
hep-ex,math,2024,0.14927
hep-ex,math,2025,0.142214
hep-ex,math,2026,0.151738
hep-ex,math-ph,2019,0.24362
hep-ex,math-ph,2020,0.244584
hep-ex,math-ph,2021,0.26067
hep-ex,math-ph,2022,0.236847
hep-ex,math-ph,2023,0.235683
hep-ex,math-ph,2024,0.242405
hep-ex,math-ph,2025,0.245875
hep-ex,math-ph,2026,0.256036
hep-ex,nlin,2019,0.191254
hep-ex,nlin,2020,0.183832
hep-ex,nlin,2021,0.176621
hep-ex,nlin,2022,0.16058
hep-ex,nlin,2023,0.159123
hep-ex,nlin,2024,0.160007
hep-ex,nlin,2025,0.180979
hep-ex,nlin,2026,0.200917
hep-ex,nucl-ex,2019,0.908016
hep-ex,nucl-ex,2020,0.889868
hep-ex,nucl-ex,2021,0.901433
hep-ex,nucl-ex,2022,0.902206
hep-ex,nucl-ex,2023,0.884866
hep-ex,nucl-ex,2024,0.890733
hep-ex,nucl-ex,2025,0.892508
hep-ex,nucl-ex,2026,0.904032
hep-ex,nucl-th,2019,0.772118
hep-ex,nucl-th,2020,0.760978
hep-ex,nucl-th,2021,0.756395
hep-ex,nucl-th,2022,0.740643
hep-ex,nucl-th,2023,0.736101
hep-ex,nucl-th,2024,0.744479
hep-ex,nucl-th,2025,0.738231
hep-ex,nucl-th,2026,0.739912
hep-ex,physics,2019,0.507136
hep-ex,physics,2020,0.501328
hep-ex,physics,2021,0.497412
hep-ex,physics,2022,0.548238
hep-ex,physics,2023,0.505134
hep-ex,physics,2024,0.501231
hep-ex,physics,2025,0.525428
hep-ex,physics,2026,0.521584
hep-ex,q-bio,2019,0.150274
hep-ex,q-bio,2020,0.201823
hep-ex,q-bio,2021,0.206112
hep-ex,q-bio,2022,0.209077
hep-ex,q-bio,2023,0.23188
hep-ex,q-bio,2024,0.238703
hep-ex,q-bio,2025,0.249427
hep-ex,q-bio,2026,0.25046
hep-ex,q-fin,2019,0.112267
hep-ex,q-fin,2020,0.135675
hep-ex,q-fin,2021,0.13745
hep-ex,q-fin,2022,0.144837
hep-ex,q-fin,2023,0.158851
hep-ex,q-fin,2024,0.156023
hep-ex,q-fin,2025,0.170954
hep-ex,q-fin,2026,0.189812
hep-ex,quant-ph,2019,0.358949
hep-ex,quant-ph,2020,0.343064
hep-ex,quant-ph,2021,0.356223
hep-ex,quant-ph,2022,0.369836
hep-ex,quant-ph,2023,0.366044
hep-ex,quant-ph,2024,0.363825
hep-ex,quant-ph,2025,0.368306
hep-ex,quant-ph,2026,0.396705
hep-ex,stat,2019,0.132442
hep-ex,stat,2020,0.179451
hep-ex,stat,2021,0.193959
hep-ex,stat,2022,0.194996
hep-ex,stat,2023,0.217611
hep-ex,stat,2024,0.221436
hep-ex,stat,2025,0.233559
hep-ex,stat,2026,0.252245
hep-lat,hep-ph,2019,0.853055
hep-lat,hep-ph,2020,0.833517
hep-lat,hep-ph,2021,0.842577
hep-lat,hep-ph,2022,0.832802
hep-lat,hep-ph,2023,0.841075
hep-lat,hep-ph,2024,0.836744
hep-lat,hep-ph,2025,0.828542
hep-lat,hep-ph,2026,0.821761
hep-lat,hep-th,2019,0.692402
hep-lat,hep-th,2020,0.706615
hep-lat,hep-th,2021,0.715285
hep-lat,hep-th,2022,0.720891
hep-lat,hep-th,2023,0.728067
hep-lat,hep-th,2024,0.722191
hep-lat,hep-th,2025,0.721513
hep-lat,hep-th,2026,0.746626
hep-lat,math,2019,0.396232
hep-lat,math,2020,0.432353
hep-lat,math,2021,0.426029
hep-lat,math,2022,0.440001
hep-lat,math,2023,0.446171
hep-lat,math,2024,0.450339
hep-lat,math,2025,0.455143
hep-lat,math,2026,0.470278
hep-lat,math-ph,2019,0.568404
hep-lat,math-ph,2020,0.628661
hep-lat,math-ph,2021,0.640015
hep-lat,math-ph,2022,0.654184
hep-lat,math-ph,2023,0.64433
hep-lat,math-ph,2024,0.647426
hep-lat,math-ph,2025,0.67233
hep-lat,math-ph,2026,0.697199
hep-lat,nlin,2019,0.419922
hep-lat,nlin,2020,0.458358
hep-lat,nlin,2021,0.440748
hep-lat,nlin,2022,0.466692
hep-lat,nlin,2023,0.459244
hep-lat,nlin,2024,0.449953
hep-lat,nlin,2025,0.491957
hep-lat,nlin,2026,0.494041
hep-lat,nucl-ex,2019,0.629674
hep-lat,nucl-ex,2020,0.638152
hep-lat,nucl-ex,2021,0.636192
hep-lat,nucl-ex,2022,0.627091
hep-lat,nucl-ex,2023,0.602063
hep-lat,nucl-ex,2024,0.605416
hep-lat,nucl-ex,2025,0.611905
hep-lat,nucl-ex,2026,0.587339
hep-lat,nucl-th,2019,0.775991
hep-lat,nucl-th,2020,0.760044
hep-lat,nucl-th,2021,0.759021
hep-lat,nucl-th,2022,0.734554
hep-lat,nucl-th,2023,0.725261
hep-lat,nucl-th,2024,0.72965
hep-lat,nucl-th,2025,0.734913
hep-lat,nucl-th,2026,0.735516
hep-lat,physics,2019,0.512737
hep-lat,physics,2020,0.526129
hep-lat,physics,2021,0.518796
hep-lat,physics,2022,0.532704
hep-lat,physics,2023,0.526814
hep-lat,physics,2024,0.529938
hep-lat,physics,2025,0.547067
hep-lat,physics,2026,0.558532
hep-lat,q-bio,2019,0.224535
hep-lat,q-bio,2020,0.228805
hep-lat,q-bio,2021,0.244337
hep-lat,q-bio,2022,0.259013
hep-lat,q-bio,2023,0.280516
hep-lat,q-bio,2024,0.270898
hep-lat,q-bio,2025,0.296624
hep-lat,q-bio,2026,0.311057
hep-lat,q-fin,2019,0.206906
hep-lat,q-fin,2020,0.219726
hep-lat,q-fin,2021,0.220824
hep-lat,q-fin,2022,0.226412
hep-lat,q-fin,2023,0.239149
hep-lat,q-fin,2024,0.231003
hep-lat,q-fin,2025,0.253467
hep-lat,q-fin,2026,0.265973
hep-lat,quant-ph,2019,0.509822
hep-lat,quant-ph,2020,0.545616
hep-lat,quant-ph,2021,0.551881
hep-lat,quant-ph,2022,0.567884
hep-lat,quant-ph,2023,0.566172
hep-lat,quant-ph,2024,0.573994
hep-lat,quant-ph,2025,0.588837
hep-lat,quant-ph,2026,0.604803
hep-lat,stat,2019,0.182568
hep-lat,stat,2020,0.20542
hep-lat,stat,2021,0.206339
hep-lat,stat,2022,0.20973
hep-lat,stat,2023,0.23935
hep-lat,stat,2024,0.232588
hep-lat,stat,2025,0.250197
hep-lat,stat,2026,0.268106
hep-ph,hep-th,2019,0.685158
hep-ph,hep-th,2020,0.68362
hep-ph,hep-th,2021,0.68727
hep-ph,hep-th,2022,0.685435
hep-ph,hep-th,2023,0.694361
hep-ph,hep-th,2024,0.696303
hep-ph,hep-th,2025,0.693568
hep-ph,hep-th,2026,0.688965
hep-ph,math,2019,0.338389
hep-ph,math,2020,0.339929
hep-ph,math,2021,0.338591
hep-ph,math,2022,0.338625
hep-ph,math,2023,0.349946
hep-ph,math,2024,0.346296
hep-ph,math,2025,0.351688
hep-ph,math,2026,0.362726
hep-ph,math-ph,2019,0.480753
hep-ph,math-ph,2020,0.495843
hep-ph,math-ph,2021,0.510214
hep-ph,math-ph,2022,0.501917
hep-ph,math-ph,2023,0.511389
hep-ph,math-ph,2024,0.512257
hep-ph,math-ph,2025,0.530445
hep-ph,math-ph,2026,0.532831
hep-ph,nlin,2019,0.366353
hep-ph,nlin,2020,0.359432
hep-ph,nlin,2021,0.35324
hep-ph,nlin,2022,0.363635
hep-ph,nlin,2023,0.369309
hep-ph,nlin,2024,0.359451
hep-ph,nlin,2025,0.394079
hep-ph,nlin,2026,0.394552
hep-ph,nucl-ex,2019,0.805758
hep-ph,nucl-ex,2020,0.810112
hep-ph,nucl-ex,2021,0.820481
hep-ph,nucl-ex,2022,0.825703
hep-ph,nucl-ex,2023,0.805659
hep-ph,nucl-ex,2024,0.80947
hep-ph,nucl-ex,2025,0.818958
hep-ph,nucl-ex,2026,0.821943
hep-ph,nucl-th,2019,0.840958
hep-ph,nucl-th,2020,0.830862
hep-ph,nucl-th,2021,0.835293
hep-ph,nucl-th,2022,0.820874
hep-ph,nucl-th,2023,0.829415
hep-ph,nucl-th,2024,0.832473
hep-ph,nucl-th,2025,0.838683
hep-ph,nucl-th,2026,0.834984
hep-ph,physics,2019,0.55519
hep-ph,physics,2020,0.540151
hep-ph,physics,2021,0.538076
hep-ph,physics,2022,0.557497
hep-ph,physics,2023,0.544265
hep-ph,physics,2024,0.544934
hep-ph,physics,2025,0.567898
hep-ph,physics,2026,0.574242
hep-ph,q-bio,2019,0.232817
hep-ph,q-bio,2020,0.233698
hep-ph,q-bio,2021,0.242484
hep-ph,q-bio,2022,0.248564
hep-ph,q-bio,2023,0.259639
hep-ph,q-bio,2024,0.260653
hep-ph,q-bio,2025,0.282604
hep-ph,q-bio,2026,0.296753
hep-ph,q-fin,2019,0.223613
hep-ph,q-fin,2020,0.221722
hep-ph,q-fin,2021,0.224163
hep-ph,q-fin,2022,0.227286
hep-ph,q-fin,2023,0.231177
hep-ph,q-fin,2024,0.223327
hep-ph,q-fin,2025,0.249077
hep-ph,q-fin,2026,0.267789
hep-ph,quant-ph,2019,0.454374
hep-ph,quant-ph,2020,0.45405
hep-ph,quant-ph,2021,0.463755
hep-ph,quant-ph,2022,0.464951
hep-ph,quant-ph,2023,0.469173
hep-ph,quant-ph,2024,0.470825
hep-ph,quant-ph,2025,0.483867
hep-ph,quant-ph,2026,0.49918
hep-ph,stat,2019,0.208176
hep-ph,stat,2020,0.206476
hep-ph,stat,2021,0.213781
hep-ph,stat,2022,0.21603
hep-ph,stat,2023,0.221302
hep-ph,stat,2024,0.222655
hep-ph,stat,2025,0.246454
hep-ph,stat,2026,0.267289
hep-th,math,2019,0.607085
hep-th,math,2020,0.603474
hep-th,math,2021,0.604017
hep-th,math,2022,0.605789
hep-th,math,2023,0.614884
hep-th,math,2024,0.614411
hep-th,math,2025,0.624234
hep-th,math,2026,0.634877
hep-th,math-ph,2019,0.783163
hep-th,math-ph,2020,0.787461
hep-th,math-ph,2021,0.791382
hep-th,math-ph,2022,0.784148
hep-th,math-ph,2023,0.804297
hep-th,math-ph,2024,0.800802
hep-th,math-ph,2025,0.819356
hep-th,math-ph,2026,0.830878
hep-th,nlin,2019,0.520527
hep-th,nlin,2020,0.498287
hep-th,nlin,2021,0.503803
hep-th,nlin,2022,0.526949
hep-th,nlin,2023,0.528878
hep-th,nlin,2024,0.514593
hep-th,nlin,2025,0.530747
hep-th,nlin,2026,0.519532
hep-th,nucl-ex,2019,0.365432
hep-th,nucl-ex,2020,0.380996
hep-th,nucl-ex,2021,0.381267
hep-th,nucl-ex,2022,0.38024
hep-th,nucl-ex,2023,0.368483
hep-th,nucl-ex,2024,0.367924
hep-th,nucl-ex,2025,0.373424
hep-th,nucl-ex,2026,0.372383
hep-th,nucl-th,2019,0.562767
hep-th,nucl-th,2020,0.542509
hep-th,nucl-th,2021,0.557812
hep-th,nucl-th,2022,0.548219
hep-th,nucl-th,2023,0.543998
hep-th,nucl-th,2024,0.536706
hep-th,nucl-th,2025,0.543008
hep-th,nucl-th,2026,0.55771
hep-th,physics,2019,0.411149
hep-th,physics,2020,0.39127
hep-th,physics,2021,0.399874
hep-th,physics,2022,0.400248
hep-th,physics,2023,0.395504
hep-th,physics,2024,0.393046
hep-th,physics,2025,0.395258
hep-th,physics,2026,0.428014
hep-th,q-bio,2019,0.154671
hep-th,q-bio,2020,0.122046
hep-th,q-bio,2021,0.144215
hep-th,q-bio,2022,0.167106
hep-th,q-bio,2023,0.168474
hep-th,q-bio,2024,0.166767
hep-th,q-bio,2025,0.186908
hep-th,q-bio,2026,0.216361
hep-th,q-fin,2019,0.195869
hep-th,q-fin,2020,0.197604
hep-th,q-fin,2021,0.201756
hep-th,q-fin,2022,0.195191
hep-th,q-fin,2023,0.190455
hep-th,q-fin,2024,0.191716
hep-th,q-fin,2025,0.207079
hep-th,q-fin,2026,0.228866
hep-th,quant-ph,2019,0.47176
hep-th,quant-ph,2020,0.463392
hep-th,quant-ph,2021,0.465471
hep-th,quant-ph,2022,0.466882
hep-th,quant-ph,2023,0.468382
hep-th,quant-ph,2024,0.456239
hep-th,quant-ph,2025,0.466741
hep-th,quant-ph,2026,0.49436
hep-th,stat,2019,0.133255
hep-th,stat,2020,0.127687
hep-th,stat,2021,0.139241
hep-th,stat,2022,0.143371
hep-th,stat,2023,0.144606
hep-th,stat,2024,0.147421
hep-th,stat,2025,0.165686
hep-th,stat,2026,0.190991
math,math-ph,2019,0.819022
math,math-ph,2020,0.819017
math,math-ph,2021,0.804189
math,math-ph,2022,0.808323
math,math-ph,2023,0.82045
math,math-ph,2024,0.810916
math,math-ph,2025,0.816815
math,math-ph,2026,0.807258
math,nlin,2019,0.569811
math,nlin,2020,0.574023
math,nlin,2021,0.556587
math,nlin,2022,0.587655
math,nlin,2023,0.589211
math,nlin,2024,0.587578
math,nlin,2025,0.579602
math,nlin,2026,0.563847
math,nucl-ex,2019,0.090922
math,nucl-ex,2020,0.104333
math,nucl-ex,2021,0.107852
math,nucl-ex,2022,0.106718
math,nucl-ex,2023,0.107482
math,nucl-ex,2024,0.100349
math,nucl-ex,2025,0.11645
math,nucl-ex,2026,0.122563
math,nucl-th,2019,0.283841
math,nucl-th,2020,0.275573
math,nucl-th,2021,0.285829
math,nucl-th,2022,0.279399
math,nucl-th,2023,0.275051
math,nucl-th,2024,0.269652
math,nucl-th,2025,0.283312
math,nucl-th,2026,0.297496
math,physics,2019,0.20783
math,physics,2020,0.222931
math,physics,2021,0.233421
math,physics,2022,0.222722
math,physics,2023,0.238666
math,physics,2024,0.224886
math,physics,2025,0.226178
math,physics,2026,0.26273
math,q-bio,2019,0.241576
math,q-bio,2020,0.213619
math,q-bio,2021,0.233987
math,q-bio,2022,0.249734
math,q-bio,2023,0.243128
math,q-bio,2024,0.221123
math,q-bio,2025,0.232385
math,q-bio,2026,0.260353
math,q-fin,2019,0.329475
math,q-fin,2020,0.325964
math,q-fin,2021,0.329814
math,q-fin,2022,0.307293
math,q-fin,2023,0.291071
math,q-fin,2024,0.273624
math,q-fin,2025,0.300216
math,q-fin,2026,0.32604
math,quant-ph,2019,0.333504
math,quant-ph,2020,0.339875
math,quant-ph,2021,0.336647
math,quant-ph,2022,0.337378
math,quant-ph,2023,0.338747
math,quant-ph,2024,0.332241
math,quant-ph,2025,0.340342
math,quant-ph,2026,0.361907
math,stat,2019,0.281516
math,stat,2020,0.295328
math,stat,2021,0.303543
math,stat,2022,0.302546
math,stat,2023,0.309649
math,stat,2024,0.304699
math,stat,2025,0.317341
math,stat,2026,0.334063
math-ph,nlin,2019,0.753327
math-ph,nlin,2020,0.732304
math-ph,nlin,2021,0.734084
math-ph,nlin,2022,0.758364
math-ph,nlin,2023,0.759181
math-ph,nlin,2024,0.749226
math-ph,nlin,2025,0.730835
math-ph,nlin,2026,0.713997
math-ph,nucl-ex,2019,0.227159
math-ph,nucl-ex,2020,0.249418
math-ph,nucl-ex,2021,0.271957
math-ph,nucl-ex,2022,0.263324
math-ph,nucl-ex,2023,0.251694
math-ph,nucl-ex,2024,0.242951
math-ph,nucl-ex,2025,0.264948
math-ph,nucl-ex,2026,0.260464
math-ph,nucl-th,2019,0.488666
math-ph,nucl-th,2020,0.482774
math-ph,nucl-th,2021,0.509994
math-ph,nucl-th,2022,0.500442
math-ph,nucl-th,2023,0.488646
math-ph,nucl-th,2024,0.475969
math-ph,nucl-th,2025,0.49632
math-ph,nucl-th,2026,0.518432
math-ph,physics,2019,0.39896
math-ph,physics,2020,0.397897
math-ph,physics,2021,0.413988
math-ph,physics,2022,0.406695
math-ph,physics,2023,0.408123
math-ph,physics,2024,0.395754
math-ph,physics,2025,0.397164
math-ph,physics,2026,0.448981
math-ph,q-bio,2019,0.233025
math-ph,q-bio,2020,0.172946
math-ph,q-bio,2021,0.203429
math-ph,q-bio,2022,0.223047
math-ph,q-bio,2023,0.213962
math-ph,q-bio,2024,0.184315
math-ph,q-bio,2025,0.209644
math-ph,q-bio,2026,0.257902
math-ph,q-fin,2019,0.257106
math-ph,q-fin,2020,0.239761
math-ph,q-fin,2021,0.248495
math-ph,q-fin,2022,0.223591
math-ph,q-fin,2023,0.213222
math-ph,q-fin,2024,0.191095
math-ph,q-fin,2025,0.219999
math-ph,q-fin,2026,0.252893
math-ph,quant-ph,2019,0.566805
math-ph,quant-ph,2020,0.565632
math-ph,quant-ph,2021,0.583043
math-ph,quant-ph,2022,0.584951
math-ph,quant-ph,2023,0.556533
math-ph,quant-ph,2024,0.543843
math-ph,quant-ph,2025,0.56458
math-ph,quant-ph,2026,0.57552
math-ph,stat,2019,0.16936
math-ph,stat,2020,0.158029
math-ph,stat,2021,0.167484
math-ph,stat,2022,0.169437
math-ph,stat,2023,0.173788
math-ph,stat,2024,0.163803
math-ph,stat,2025,0.194822
math-ph,stat,2026,0.225981
nlin,nucl-ex,2019,0.213491
nlin,nucl-ex,2020,0.217855
nlin,nucl-ex,2021,0.214565
nlin,nucl-ex,2022,0.203549
nlin,nucl-ex,2023,0.193367
nlin,nucl-ex,2024,0.168092
nlin,nucl-ex,2025,0.203613
nlin,nucl-ex,2026,0.202103
nlin,nucl-th,2019,0.448573
nlin,nucl-th,2020,0.439246
nlin,nucl-th,2021,0.429918
nlin,nucl-th,2022,0.428635
nlin,nucl-th,2023,0.419289
nlin,nucl-th,2024,0.389547
nlin,nucl-th,2025,0.428688
nlin,nucl-th,2026,0.446431
nlin,physics,2019,0.520607
nlin,physics,2020,0.539448
nlin,physics,2021,0.550542
nlin,physics,2022,0.519488
nlin,physics,2023,0.511909
nlin,physics,2024,0.495049
nlin,physics,2025,0.526925
nlin,physics,2026,0.574526
nlin,q-bio,2019,0.429208
nlin,q-bio,2020,0.37714
nlin,q-bio,2021,0.389518
nlin,q-bio,2022,0.397732
nlin,q-bio,2023,0.383228
nlin,q-bio,2024,0.3741
nlin,q-bio,2025,0.415338
nlin,q-bio,2026,0.491196
nlin,q-fin,2019,0.222832
nlin,q-fin,2020,0.201528
nlin,q-fin,2021,0.188682
nlin,q-fin,2022,0.177183
nlin,q-fin,2023,0.167298
nlin,q-fin,2024,0.176078
nlin,q-fin,2025,0.226384
nlin,q-fin,2026,0.266413
nlin,quant-ph,2019,0.500129
nlin,quant-ph,2020,0.486338
nlin,quant-ph,2021,0.480181
nlin,quant-ph,2022,0.480656
nlin,quant-ph,2023,0.463702
nlin,quant-ph,2024,0.432664
nlin,quant-ph,2025,0.468571
nlin,quant-ph,2026,0.490975
nlin,stat,2019,0.123263
nlin,stat,2020,0.129561
nlin,stat,2021,0.109807
nlin,stat,2022,0.12729
nlin,stat,2023,0.129153
nlin,stat,2024,0.157133
nlin,stat,2025,0.205104
nlin,stat,2026,0.24388
nucl-ex,nucl-th,2019,0.845305
nucl-ex,nucl-th,2020,0.902183
nucl-ex,nucl-th,2021,0.893726
nucl-ex,nucl-th,2022,0.886083
nucl-ex,nucl-th,2023,0.887513
nucl-ex,nucl-th,2024,0.888056
nucl-ex,nucl-th,2025,0.891181
nucl-ex,nucl-th,2026,0.862928
nucl-ex,physics,2019,0.572024
nucl-ex,physics,2020,0.576262
nucl-ex,physics,2021,0.553407
nucl-ex,physics,2022,0.573507
nucl-ex,physics,2023,0.542982
nucl-ex,physics,2024,0.531633
nucl-ex,physics,2025,0.540844
nucl-ex,physics,2026,0.527926
nucl-ex,q-bio,2019,0.143072
nucl-ex,q-bio,2020,0.136711
nucl-ex,q-bio,2021,0.145977
nucl-ex,q-bio,2022,0.145892
nucl-ex,q-bio,2023,0.151125
nucl-ex,q-bio,2024,0.153631
nucl-ex,q-bio,2025,0.176962
nucl-ex,q-bio,2026,0.164614
nucl-ex,q-fin,2019,0.067703
nucl-ex,q-fin,2020,0.050887
nucl-ex,q-fin,2021,0.053767
nucl-ex,q-fin,2022,0.066572
nucl-ex,q-fin,2023,0.063199
nucl-ex,q-fin,2024,0.050123
nucl-ex,q-fin,2025,0.076317
nucl-ex,q-fin,2026,0.08704
nucl-ex,quant-ph,2019,0.348767
nucl-ex,quant-ph,2020,0.344735
nucl-ex,quant-ph,2021,0.351363
nucl-ex,quant-ph,2022,0.349852
nucl-ex,quant-ph,2023,0.328585
nucl-ex,quant-ph,2024,0.331669
nucl-ex,quant-ph,2025,0.341534
nucl-ex,quant-ph,2026,0.340299
nucl-ex,stat,2019,0.066216
nucl-ex,stat,2020,0.081185
nucl-ex,stat,2021,0.085842
nucl-ex,stat,2022,0.086535
nucl-ex,stat,2023,0.085237
nucl-ex,stat,2024,0.089929
nucl-ex,stat,2025,0.121091
nucl-ex,stat,2026,0.129356
nucl-th,physics,2019,0.644371
nucl-th,physics,2020,0.629366
nucl-th,physics,2021,0.615603
nucl-th,physics,2022,0.626118
nucl-th,physics,2023,0.615818
nucl-th,physics,2024,0.605394
nucl-th,physics,2025,0.605597
nucl-th,physics,2026,0.626977
nucl-th,q-bio,2019,0.250959
nucl-th,q-bio,2020,0.197599
nucl-th,q-bio,2021,0.228087
nucl-th,q-bio,2022,0.238071
nucl-th,q-bio,2023,0.248604
nucl-th,q-bio,2024,0.254354
nucl-th,q-bio,2025,0.262019
nucl-th,q-bio,2026,0.284291
nucl-th,q-fin,2019,0.154689
nucl-th,q-fin,2020,0.128972
nucl-th,q-fin,2021,0.145963
nucl-th,q-fin,2022,0.140597
nucl-th,q-fin,2023,0.14352
nucl-th,q-fin,2024,0.140993
nucl-th,q-fin,2025,0.159321
nucl-th,q-fin,2026,0.177377
nucl-th,quant-ph,2019,0.449331
nucl-th,quant-ph,2020,0.439454
nucl-th,quant-ph,2021,0.433233
nucl-th,quant-ph,2022,0.435402
nucl-th,quant-ph,2023,0.426208
nucl-th,quant-ph,2024,0.424076
nucl-th,quant-ph,2025,0.434124
nucl-th,quant-ph,2026,0.469071
nucl-th,stat,2019,0.125477
nucl-th,stat,2020,0.116371
nucl-th,stat,2021,0.13553
nucl-th,stat,2022,0.13792
nucl-th,stat,2023,0.14191
nucl-th,stat,2024,0.158971
nucl-th,stat,2025,0.176711
nucl-th,stat,2026,0.204465
physics,q-bio,2019,0.363083
physics,q-bio,2020,0.344879
physics,q-bio,2021,0.401605
physics,q-bio,2022,0.387957
physics,q-bio,2023,0.423053
physics,q-bio,2024,0.442397
physics,q-bio,2025,0.502734
physics,q-bio,2026,0.531504
physics,q-fin,2019,0.148972
physics,q-fin,2020,0.165253
physics,q-fin,2021,0.174458
physics,q-fin,2022,0.172402
physics,q-fin,2023,0.186279
physics,q-fin,2024,0.198998
physics,q-fin,2025,0.253572
physics,q-fin,2026,0.294615
physics,quant-ph,2019,0.571505
physics,quant-ph,2020,0.558753
physics,quant-ph,2021,0.559259
physics,quant-ph,2022,0.560908
physics,quant-ph,2023,0.555954
physics,quant-ph,2024,0.568073
physics,quant-ph,2025,0.588399
physics,quant-ph,2026,0.612268
physics,stat,2019,0.211122
physics,stat,2020,0.241758
physics,stat,2021,0.25318
physics,stat,2022,0.251707
physics,stat,2023,0.273369
physics,stat,2024,0.29471
physics,stat,2025,0.353177
physics,stat,2026,0.395205
q-bio,q-fin,2019,0.309168
q-bio,q-fin,2020,0.35547
q-bio,q-fin,2021,0.346944
q-bio,q-fin,2022,0.351062
q-bio,q-fin,2023,0.341282
q-bio,q-fin,2024,0.351088
q-bio,q-fin,2025,0.398375
q-bio,q-fin,2026,0.433105
q-bio,quant-ph,2019,0.275039
q-bio,quant-ph,2020,0.179326
q-bio,quant-ph,2021,0.238312
q-bio,quant-ph,2022,0.258659
q-bio,quant-ph,2023,0.279769
q-bio,quant-ph,2024,0.2823
q-bio,quant-ph,2025,0.328655
q-bio,quant-ph,2026,0.358318
q-bio,stat,2019,0.622383
q-bio,stat,2020,0.661119
q-bio,stat,2021,0.66946
q-bio,stat,2022,0.671374
q-bio,stat,2023,0.674309
q-bio,stat,2024,0.678952
q-bio,stat,2025,0.700389
q-bio,stat,2026,0.705935
q-fin,quant-ph,2019,0.210309
q-fin,quant-ph,2020,0.198342
q-fin,quant-ph,2021,0.204613
q-fin,quant-ph,2022,0.200992
q-fin,quant-ph,2023,0.21163
q-fin,quant-ph,2024,0.208124
q-fin,quant-ph,2025,0.248676
q-fin,quant-ph,2026,0.27784
q-fin,stat,2019,0.560283
q-fin,stat,2020,0.576952
q-fin,stat,2021,0.585744
q-fin,stat,2022,0.590032
q-fin,stat,2023,0.590894
q-fin,stat,2024,0.60119
q-fin,stat,2025,0.629334
q-fin,stat,2026,0.670407
quant-ph,stat,2019,0.206579
quant-ph,stat,2020,0.191776
quant-ph,stat,2021,0.208751
quant-ph,stat,2022,0.214134
quant-ph,stat,2023,0.230626
quant-ph,stat,2024,0.238457
quant-ph,stat,2025,0.270838
quant-ph,stat,2026,0.303166
